{
	"results": [
	{
		"content": "(CNN) The morning after the fourth Republican debate, \u003cb\u003eDonald Trump\u003c/b\u003e is playing Mr. Nice Guy. During a lengthy interview on MSNBC\u0026#39;s \u0026quot;Morning Joe,\u0026quot; Trump refused multiple opportunities to jab any of his opponents. He instead struck a conciliatory tone,\u0026nbsp;...",
		"unescapedUrl": "http://www.cnn.com/2015/11/11/politics/donald-trump-republican-debate-reaction/index.html",
		"url": "http%3A%2F%2Fwww.cnn.com%2F2015%2F11%2F11%2Fpolitics%2Fdonald-trump-republican-debate-reaction%2Findex.html",
		"title": "\u003cb\u003eDonald Trump\u003c/b\u003e has only kind words for his rivals",
		"titleNoFormatting": "Donald Trump has only kind words for his rivals",
		"publisher": "CNN International",
		"publishedDate": "Wed, 11 Nov 2015 03:48:54 -0800",
		"image":
		{
			"url": "http://i2.cdn.turner.com/cnnnext/dam/assets/151111124752-debate-wide-gop-large-169.jpg",
			"tbUrl": "http://t3.gstatic.com/images?q\u003dtbn:ANd9GcQnOl0F6KLriPupe5z6WgCjuQsKOyOo395uK_BCFBH9hElp3m8xCes3zJHR",
			"originalContextUrl": "http://www.cnn.com/2015/11/11/politics/donald-trump-republican-debate-reaction/index.html",
			"publisher": "CNN International",
			"tbWidth": 80,
			"tbHeight": 45
		},
		"relatedStories": [
		{
			"unescapedUrl": "http://www.nytimes.com/2015/11/11/opinion/trouble-for-bush-and-trump.html",
			"url": "http%3A%2F%2Fwww.nytimes.com%2F2015%2F11%2F11%2Fopinion%2Ftrouble-for-bush-and-trump.html",
			"title": "A Troubled GOP Debate for \u003cb\u003eDonald Trump\u003c/b\u003e and Jeb Bush",
			"titleNoFormatting": "A Troubled GOP Debate for Donald Trump and Jeb Bush",
			"publisher": "New York Times",
			"publishedDate": "Tue, 10 Nov 2015 20:49:19 -0800"
		},
		{
			"unescapedUrl": "http://www.cincinnati.com/story/news/politics/elections/2015/11/10/john-kasich-fox-business-gop-debate/75518336/",
			"url": "http%3A%2F%2Fwww.cincinnati.com%2Fstory%2Fnews%2Fpolitics%2Felections%2F2015%2F11%2F10%2Fjohn-kasich-fox-business-gop-debate%2F75518336%2F",
			"title": "John Kasich\u0026#39;s debate: A clash with \u003cb\u003eDonald Trump\u003c/b\u003e, applause on immigration, boos \u003cb\u003e...\u003c/b\u003e",
			"titleNoFormatting": "John Kasich\u0026#39;s debate: A clash with Donald Trump, applause on immigration, boos ...",
			"publisher": "Cincinnati.com",
			"publishedDate": "Tue, 10 Nov 2015 18:26:43 -0800"
		},
		{
			"unescapedUrl": "https://www.washingtonpost.com/news/morning-mix/wp/2015/11/11/donald-trump-alpha-wolf-on-twitter-during-gop-debate-carly-fiorina-trails-the-pack/",
			"url": "https%3A%2F%2Fwww.washingtonpost.com%2Fnews%2Fmorning-mix%2Fwp%2F2015%2F11%2F11%2Fdonald-trump-alpha-wolf-on-twitter-during-gop-debate-carly-fiorina-trails-the-pack%2F",
			"title": "\u003cb\u003eDonald Trump\u003c/b\u003e owns Twitter during GOP debate. Carly Fiorina trails the pack.",
			"titleNoFormatting": "Donald Trump owns Twitter during GOP debate. Carly Fiorina trails the pack.",
			"publisher": "Washington Post",
			"publishedDate": "Tue, 10 Nov 2015 22:53:16 -0800"
		},
		{
			"unescapedUrl": "http://www.nationaljournal.com/s/92384/donald-trumps-debate-blunder",
			"url": "http%3A%2F%2Fwww.nationaljournal.com%2Fs%2F92384%2Fdonald-trumps-debate-blunder",
			"title": "\u003cb\u003eDonald Trump\u0026#39;s\u003c/b\u003e Huge Debate Blunder",
			"titleNoFormatting": "Donald Trump\u0026#39;s Huge Debate Blunder",
			"publisher": "National Journal",
			"publishedDate": "Wed, 11 Nov 2015 07:00:00 -0800"
		},
		{
			"unescapedUrl": "http://www.businessinsider.com/jeb-bush-donald-trump-foreign-policy-2015-11",
			"url": "http%3A%2F%2Fwww.businessinsider.com%2Fjeb-bush-donald-trump-foreign-policy-2015-11",
			"title": "Jeb Bush confronts \u003cb\u003eDonald Trump\u003c/b\u003e: The Middle East isn\u0026#39;t \u0026#39;Monopoly\u0026#39;",
			"titleNoFormatting": "Jeb Bush confronts Donald Trump: The Middle East isn\u0026#39;t \u0026#39;Monopoly\u0026#39;",
			"publisher": "Business Insider",
			"publishedDate": "Tue, 10 Nov 2015 19:45:00 -0800"
		} ]
	},
	{
		"content": "Starbucks is pushing back against suggestions stoked by Republican presidential contender \u003cb\u003eDonald Trump\u003c/b\u003e that this year\u0026#39;s minimalist design for its holiday cups is a slap at Christmas. Responding to questions about the cups, the Seattle-based coffee \u003cb\u003e...\u003c/b\u003e",
		"unescapedUrl": "http://abc13.com/society/war-on-christmas-starbucks-vs-donald-trump/1078843/",
		"url": "http%3A%2F%2Fabc13.com%2Fsociety%2Fwar-on-christmas-starbucks-vs-donald-trump%2F1078843%2F",
		"title": "\u003cb\u003eDonald Trump\u003c/b\u003e suggests boycott over Starbucks\u0026#39; red cup controversy",
		"titleNoFormatting": "Donald Trump suggests boycott over Starbucks\u0026#39; red cup controversy",
		"publisher": "KTRK-TV",
		"publishedDate": "Tue, 10 Nov 2015 10:45:00 -0800",
		"image":
		{
			"url": "http://cdn.abclocal.go.com/content/ktrk/images/cms/1078842_630x354.jpg",
			"tbUrl": "http://t3.gstatic.com/images?q\u003dtbn:ANd9GcSNzmHnGWdAi4c55pRY0m-uQdZOvk1aefl99SJLaqihKjvaJ1fxQrBobe8",
			"originalContextUrl": "http://abc13.com/society/war-on-christmas-starbucks-vs-donald-trump/1078843/",
			"publisher": "KTRK-TV",
			"tbWidth": 80,
			"tbHeight": 44
		},
		"relatedStories": [
		{
			"unescapedUrl": "https://www.washingtonpost.com/news/the-fix/wp/2015/11/10/donald-trump-wants-to-boycott-starbucks-and-most-everything-else/",
			"url": "https%3A%2F%2Fwww.washingtonpost.com%2Fnews%2Fthe-fix%2Fwp%2F2015%2F11%2F10%2Fdonald-trump-wants-to-boycott-starbucks-and-most-everything-else%2F",
			"title": "A list of the many things \u003cb\u003eDonald Trump\u003c/b\u003e wants you to boycott",
			"titleNoFormatting": "A list of the many things Donald Trump wants you to boycott",
			"publisher": "Washington Post",
			"publishedDate": "Tue, 10 Nov 2015 08:16:30 -0800"
		},
		{
			"unescapedUrl": "http://hollywoodlife.com/2015/11/10/donald-trump-boycotting-starbucks-cups-christmas-holiday-2015/",
			"url": "http%3A%2F%2Fhollywoodlife.com%2F2015%2F11%2F10%2Fdonald-trump-boycotting-starbucks-cups-christmas-holiday-2015%2F",
			"title": "\u003cb\u003eDonald Trump\u003c/b\u003e Stop Boycotting Starbucks For Christmas Cups: Focus On Real Issues",
			"titleNoFormatting": "Donald Trump Stop Boycotting Starbucks For Christmas Cups: Focus On Real Issues",
			"publisher": "Hollywood Life",
			"publishedDate": "Tue, 10 Nov 2015 15:15:00 -0800"
		},
		{
			"unescapedUrl": "http://www.eonline.com/news/714548/donald-trump-wants-to-boycott-starbucks-and-bring-back-the-christmas-spirit",
			"url": "http%3A%2F%2Fwww.eonline.com%2Fnews%2F714548%2Fdonald-trump-wants-to-boycott-starbucks-and-bring-back-the-christmas-spirit",
			"title": "\u003cb\u003eDonald Trump\u003c/b\u003e Wants to Boycott Starbucks and Bring Back the Christmas Spirit",
			"titleNoFormatting": "Donald Trump Wants to Boycott Starbucks and Bring Back the Christmas Spirit",
			"publisher": "E! Online",
			"publishedDate": "Tue, 10 Nov 2015 11:41:15 -0800"
		},
		{
			"unescapedUrl": "http://www.people.com/article/donald-trump-suggests-starbucks-boycott-over-holiday-cups",
			"url": "http%3A%2F%2Fwww.people.com%2Farticle%2Fdonald-trump-suggests-starbucks-boycott-over-holiday-cups",
			"title": "\u003cb\u003eDonald Trump\u003c/b\u003e Proposes Starbucks Boycott Over Red Cups: \u0026#39;If I Become President \u003cb\u003e...\u003c/b\u003e",
			"titleNoFormatting": "Donald Trump Proposes Starbucks Boycott Over Red Cups: \u0026#39;If I Become President ...",
			"publisher": "People Magazine",
			"publishedDate": "Tue, 10 Nov 2015 08:45:36 -0800"
		},
		{
			"unescapedUrl": "http://www.newsday.com/news/nation/donald-trump-maybe-we-should-boycott-starbucks-1.11109140",
			"url": "http%3A%2F%2Fwww.newsday.com%2Fnews%2Fnation%2Fdonald-trump-maybe-we-should-boycott-starbucks-1.11109140",
			"title": "\u003cb\u003eDonald Trump\u003c/b\u003e: \u0026#39;Maybe we should boycott Starbucks\u0026#39;",
			"titleNoFormatting": "Donald Trump: \u0026#39;Maybe we should boycott Starbucks\u0026#39;",
			"publisher": "Newsday",
			"publishedDate": "Tue, 10 Nov 2015 14:18:45 -0800"
		} ]
	},
	{
		"content": "Still, well into the debate, when some viewers and almost certainly some candidates were beginning to plot out what they would do next, \u003cb\u003eDonald Trump\u003c/b\u003e managed one of those moments so awkward that it\u0026#39;s hard to believe that it was real. First, this is one \u003cb\u003e...\u003c/b\u003e",
		"unescapedUrl": "https://www.washingtonpost.com/news/the-fix/wp/2015/11/11/donald-trump-complains-about-the-only-woman-on-stage-interrupting-very-bad-idea/",
		"url": "https%3A%2F%2Fwww.washingtonpost.com%2Fnews%2Fthe-fix%2Fwp%2F2015%2F11%2F11%2Fdonald-trump-complains-about-the-only-woman-on-stage-interrupting-very-bad-idea%2F",
		"title": "\u003cb\u003eDonald Trump\u003c/b\u003e complains about the only woman on stage interrupting? Very bad idea.",
		"titleNoFormatting": "Donald Trump complains about the only woman on stage interrupting? Very bad idea.",
		"publisher": "Washington Post",
		"publishedDate": "Wed, 11 Nov 2015 03:04:42 -0800",
		"image":
		{
			"url": "http://img.washingtonpost.com/rf/image_908w/2010-2019/Wires/Images/2015-11-10/Getty/496567826.jpg",
			"tbUrl": "http://t2.gstatic.com/images?q\u003dtbn:ANd9GcT7hBE3sctAyzy7q68pHIpYKIp1Gc6_BUxSRLY8QK0gkkv_8uZwcckUCGg",
			"originalContextUrl": "https://www.washingtonpost.com/news/the-fix/wp/2015/11/11/donald-trump-complains-about-the-only-woman-on-stage-interrupting-very-bad-idea/",
			"publisher": "Washington Post",
			"tbWidth": 80,
			"tbHeight": 51
		},
		"relatedStories": [
		{
			"unescapedUrl": "http://onpolitics.usatoday.com/2015/11/10/donald-trump-says-he-was-stablemates-with-putin/",
			"url": "http%3A%2F%2Fonpolitics.usatoday.com%2F2015%2F11%2F10%2Fdonald-trump-says-he-was-stablemates-with-putin%2F",
			"title": "\u003cb\u003eDonald Trump\u003c/b\u003e says he was \u0026#39;stablemates\u0026#39; with Putin",
			"titleNoFormatting": "Donald Trump says he was \u0026#39;stablemates\u0026#39; with Putin",
			"publisher": "USA TODAY",
			"publishedDate": "Tue, 10 Nov 2015 19:34:06 -0800"
		},
		{
			"unescapedUrl": "http://www.nytimes.com/interactive/projects/cp/election-2016/fourth-republican-debate-highlights/donald-trump-criticizes-carly-fiorina-for-interrupting",
			"url": "http%3A%2F%2Fwww.nytimes.com%2Finteractive%2Fprojects%2Fcp%2Felection-2016%2Ffourth-republican-debate-highlights%2Fdonald-trump-criticizes-carly-fiorina-for-interrupting",
			"title": "\u003cb\u003eDonald Trump\u003c/b\u003e Criticizes Carly Fiorina for Interrupting",
			"titleNoFormatting": "Donald Trump Criticizes Carly Fiorina for Interrupting",
			"publisher": "New York Times",
			"publishedDate": "Tue, 10 Nov 2015 19:40:36 -0800"
		},
		{
			"unescapedUrl": "http://time.com/4107777/donald-trump-carly-fiorina-interrupting-everbody/",
			"url": "http%3A%2F%2Ftime.com%2F4107777%2Fdonald-trump-carly-fiorina-interrupting-everbody%2F",
			"title": "\u003cb\u003eDonald Trump\u003c/b\u003e Didn\u0026#39;t Like Carly Fiorina \u0026#39;Interrupting Everybody\u0026#39;",
			"titleNoFormatting": "Donald Trump Didn\u0026#39;t Like Carly Fiorina \u0026#39;Interrupting Everybody\u0026#39;",
			"publisher": "TIME",
			"publishedDate": "Tue, 10 Nov 2015 20:18:52 -0800"
		},
		{
			"unescapedUrl": "http://www.theblaze.com/stories/2015/11/10/fact-check-was-donald-trump-actually-stable-mates-with-vladimir-putin-on-60-minutes/",
			"url": "http%3A%2F%2Fwww.theblaze.com%2Fstories%2F2015%2F11%2F10%2Ffact-check-was-donald-trump-actually-stable-mates-with-vladimir-putin-on-60-minutes%2F",
			"title": "Fact Check: Was \u003cb\u003eDonald Trump\u003c/b\u003e Actually \u0026#39;Stablemates\u0026#39; With Vladimir Putin on \u0026#39;60 \u003cb\u003e...\u003c/b\u003e",
			"titleNoFormatting": "Fact Check: Was Donald Trump Actually \u0026#39;Stablemates\u0026#39; With Vladimir Putin on \u0026#39;60 ...",
			"publisher": "TheBlaze.com",
			"publishedDate": "Tue, 10 Nov 2015 20:46:34 -0800"
		},
		{
			"unescapedUrl": "http://www.hollywoodreporter.com/news/gop-debate-donald-trump-booed-839137",
			"url": "http%3A%2F%2Fwww.hollywoodreporter.com%2Fnews%2Fgop-debate-donald-trump-booed-839137",
			"title": "GOP Debate: \u003cb\u003eDonald Trump\u003c/b\u003e Booed, Cheered While Ripping Opponents",
			"titleNoFormatting": "GOP Debate: Donald Trump Booed, Cheered While Ripping Opponents",
			"publisher": "Hollywood Reporter",
			"publishedDate": "Tue, 10 Nov 2015 17:38:25 -0800"
		},
		{
			"unescapedUrl": "http://hollywoodlife.com/2015/11/10/donald-trump-disses-carly-fiorina-booed-republican-gop-debate-video/",
			"url": "http%3A%2F%2Fhollywoodlife.com%2F2015%2F11%2F10%2Fdonald-trump-disses-carly-fiorina-booed-republican-gop-debate-video%2F",
			"title": "\u003cb\u003eDonald Trump\u003c/b\u003e Booed For Attacking Carly Fiorina After He Slams Her For \u003cb\u003e...\u003c/b\u003e",
			"titleNoFormatting": "Donald Trump Booed For Attacking Carly Fiorina After He Slams Her For ...",
			"publisher": "Hollywood Life",
			"publishedDate": "Tue, 10 Nov 2015 20:30:00 -0800"
		} ]
	},
	{
		"content": "\u003cb\u003eDonald Trump\u003c/b\u003e has promised he\u0026#39;d be able to convince the Mexican government to spend billions of dollars on a border fence between the U.S. and Mexico. He insisted Wednesday this is possible -- and used a fictional skit on \u0026quot;Saturday Night Live\u0026quot; to \u003cb\u003e...\u003c/b\u003e",
		"unescapedUrl": "http://www.huffingtonpost.com/entry/donald-trump-snl-border-wall_5643387be4b08cda3486b56d",
		"url": "http%3A%2F%2Fwww.huffingtonpost.com%2Fentry%2Fdonald-trump-snl-border-wall_5643387be4b08cda3486b56d",
		"title": "\u003cb\u003eDonald Trump\u003c/b\u003e Uses \u0026#39;Saturday Night Live\u0026#39; Sketch As Evidence His Border Wall \u003cb\u003e...\u003c/b\u003e",
		"titleNoFormatting": "Donald Trump Uses \u0026#39;Saturday Night Live\u0026#39; Sketch As Evidence His Border Wall ...",
		"publisher": "Huffington Post",
		"publishedDate": "Wed, 11 Nov 2015 05:18:45 -0800",
		"image":
		{
			"url": "http://img.huffingtonpost.com/asset/crop_0_308_4902_2648,scalefit_630_noupscale/5643393b290000d7004dcb71.jpeg?cache\u003d0d2cR9TTz2",
			"tbUrl": "http://t0.gstatic.com/images?q\u003dtbn:ANd9GcRjsB2Q3W2mvHtpC1pUmsES1B7NDh84UTrUJ3x3DzE4EJD6zAE1UuppJ7Q",
			"originalContextUrl": "http://www.huffingtonpost.com/entry/donald-trump-snl-border-wall_5643387be4b08cda3486b56d",
			"publisher": "Huffington Post",
			"tbWidth": 80,
			"tbHeight": 43
		},
		"relatedStories": [
		{
			"unescapedUrl": "http://www.theblaze.com/stories/2015/11/11/see-how-donald-trump-replies-when-asked-if-hell-follow-lead-of-new-canadian-pm-and-hire-50-percent-women-because-its-2015/",
			"url": "http%3A%2F%2Fwww.theblaze.com%2Fstories%2F2015%2F11%2F11%2Fsee-how-donald-trump-replies-when-asked-if-hell-follow-lead-of-new-canadian-pm-and-hire-50-percent-women-because-its-2015%2F",
			"title": "See How \u003cb\u003eDonald Trump\u003c/b\u003e Replies When Asked If He\u0026#39;ll Follow Lead of New Canadian \u003cb\u003e...\u003c/b\u003e",
			"titleNoFormatting": "See How Donald Trump Replies When Asked If He\u0026#39;ll Follow Lead of New Canadian ...",
			"publisher": "TheBlaze.com",
			"publishedDate": "Wed, 11 Nov 2015 06:48:45 -0800"
		},
		{
			"unescapedUrl": "http://www.vanityfair.com/news/2015/11/rand-paul-debate-commercial-break",
			"url": "http%3A%2F%2Fwww.vanityfair.com%2Fnews%2F2015%2F11%2Frand-paul-debate-commercial-break",
			"title": "Rand Paul Shuts Down \u003cb\u003eDonald Trump\u003c/b\u003e, Moderators, and Commercial Breaks",
			"titleNoFormatting": "Rand Paul Shuts Down Donald Trump, Moderators, and Commercial Breaks",
			"publisher": "Vanity Fair",
			"publishedDate": "Tue, 10 Nov 2015 20:07:30 -0800"
		},
		{
			"unescapedUrl": "http://theweek.com/speedreads/588181/rand-paul-embarrassed-donald-trump-over-china-tpp-during-gop-debate",
			"url": "http%3A%2F%2Ftheweek.com%2Fspeedreads%2F588181%2Frand-paul-embarrassed-donald-trump-over-china-tpp-during-gop-debate",
			"title": "Rand Paul embarrassed \u003cb\u003eDonald Trump\u003c/b\u003e over China and the TPP during the GOP debate",
			"titleNoFormatting": "Rand Paul embarrassed Donald Trump over China and the TPP during the GOP debate",
			"publisher": "The Week Magazine",
			"publishedDate": "Tue, 10 Nov 2015 19:56:15 -0800"
		},
		{
			"unescapedUrl": "http://www.slate.com/blogs/moneybox/2015/11/10/donald_trump_says_tpp_is_a_nefarious_plot_by_china.html",
			"url": "http%3A%2F%2Fwww.slate.com%2Fblogs%2Fmoneybox%2F2015%2F11%2F10%2Fdonald_trump_says_tpp_is_a_nefarious_plot_by_china.html",
			"title": "\u003cb\u003eDonald Trump\u003c/b\u003e Delivered the Most Embarrassing Rant of the GOP Debate",
			"titleNoFormatting": "Donald Trump Delivered the Most Embarrassing Rant of the GOP Debate",
			"publisher": "Slate Magazine (blog)",
			"publishedDate": "Tue, 10 Nov 2015 20:35:12 -0800"
		},
		{
			"unescapedUrl": "http://www.breitbart.com/big-government/2015/11/10/donald-trump-nukes-obamatrade/",
			"url": "http%3A%2F%2Fwww.breitbart.com%2Fbig-government%2F2015%2F11%2F10%2Fdonald-trump-nukes-obamatrade%2F",
			"title": "\u003cb\u003eDonald Trump\u003c/b\u003e Nukes Obamatrade",
			"titleNoFormatting": "Donald Trump Nukes Obamatrade",
			"publisher": "Breitbart News",
			"publishedDate": "Tue, 10 Nov 2015 22:00:00 -0800"
		} ]
	},
	{
		"content": "In the Fox Business debate Tuesday, \u003cb\u003eDonald Trump\u003c/b\u003e revived his execrable anti-immigrant politics: linking undocumented workers to inner-city drug abuse, promising to build his border wall, and insisting again that millions of immigrants without papers \u003cb\u003e...\u003c/b\u003e",
		"unescapedUrl": "http://www.rollingstone.com/politics/news/donald-trump-just-endorsed-operation-wetback-at-the-gop-debate-20151110",
		"url": "http%3A%2F%2Fwww.rollingstone.com%2Fpolitics%2Fnews%2Fdonald-trump-just-endorsed-operation-wetback-at-the-gop-debate-20151110",
		"title": "\u003cb\u003eDonald Trump\u003c/b\u003e Just Endorsed \u0026#39;Operation Wetback\u0026#39; at the GOP Debate",
		"titleNoFormatting": "Donald Trump Just Endorsed \u0026#39;Operation Wetback\u0026#39; at the GOP Debate",
		"publisher": "RollingStone.com",
		"publishedDate": "Tue, 10 Nov 2015 20:16:49 -0800",
		"image":
		{
			"url": "http://assets.rollingstone.com/assets/2015/article/donald-trump-just-endorsed-operation-wetback-at-the-gop-debate-20151110/216206/medium_rect/1447214745/720x405-GettyImages-496567198.jpg",
			"tbUrl": "http://t0.gstatic.com/images?q\u003dtbn:ANd9GcRh7o91QYOJ4QY-eZsB-6E0c2mCbYMPBb7Lj9aEWZTgb-gjSnQtWIs7_vrT",
			"originalContextUrl": "http://www.rollingstone.com/politics/news/donald-trump-just-endorsed-operation-wetback-at-the-gop-debate-20151110",
			"publisher": "RollingStone.com",
			"tbWidth": 80,
			"tbHeight": 45
		},
		"relatedStories": [
		{
			"unescapedUrl": "http://www.motherjones.com/mojo/2015/11/gop-debate-donald-trump-explains-his-deportation-plan-will-be-just-operation-wetback",
			"url": "http%3A%2F%2Fwww.motherjones.com%2Fmojo%2F2015%2F11%2Fgop-debate-donald-trump-explains-his-deportation-plan-will-be-just-operation-wetback",
			"title": "\u003cb\u003eDonald Trump\u003c/b\u003e Wants to Model His Immigration Plan After Something Called \u003cb\u003e...\u003c/b\u003e",
			"titleNoFormatting": "Donald Trump Wants to Model His Immigration Plan After Something Called ...",
			"publisher": "Mother Jones",
			"publishedDate": "Tue, 10 Nov 2015 19:53:12 -0800"
		},
		{
			"unescapedUrl": "http://www.breitbart.com/big-government/2015/11/10/i-like-ike-donald-trump-channels-dwight-eisenhower-touts-his-deportation-plan/",
			"url": "http%3A%2F%2Fwww.breitbart.com%2Fbig-government%2F2015%2F11%2F10%2Fi-like-ike-donald-trump-channels-dwight-eisenhower-touts-his-deportation-plan%2F",
			"title": "\u0026#39;I Like Ike\u0026#39;: \u003cb\u003eDonald Trump\u003c/b\u003e Channels Dwight Eisenhower, Touts His Deportation Plan",
			"titleNoFormatting": "\u0026#39;I Like Ike\u0026#39;: Donald Trump Channels Dwight Eisenhower, Touts His Deportation Plan",
			"publisher": "Breitbart News",
			"publishedDate": "Tue, 10 Nov 2015 20:18:45 -0800"
		},
		{
			"unescapedUrl": "http://gawker.com/totally-not-xenophobic-donald-trump-praised-operation-1741895276",
			"url": "http%3A%2F%2Fgawker.com%2Ftotally-not-xenophobic-donald-trump-praised-operation-1741895276",
			"title": "Totally-Not-Xenophobic \u003cb\u003eDonald Trump\u003c/b\u003e Praised \u0026quot;Operation Wetback\u0026quot; During the Debate",
			"titleNoFormatting": "Totally-Not-Xenophobic Donald Trump Praised \u0026quot;Operation Wetback\u0026quot; During the Debate",
			"publisher": "Gawker",
			"publishedDate": "Wed, 11 Nov 2015 07:45:00 -0800"
		} ]
	},
	{
		"content": "During a lightning round of a debate, Republican frontrunner \u003cb\u003eDonald Trump\u003c/b\u003e picked a potential Secret Service code name that was truly coded: HUMBLE. When the braggadocious billionaire starts to receive actual Secret Service protection Wednesday\u0026nbsp;...",
		"unescapedUrl": "https://www.washingtonpost.com/news/post-politics/wp/2015/11/10/donald-trumps-secret-service-code-name-is-less-humble-more-mogul/",
		"url": "https%3A%2F%2Fwww.washingtonpost.com%2Fnews%2Fpost-politics%2Fwp%2F2015%2F11%2F10%2Fdonald-trumps-secret-service-code-name-is-less-humble-more-mogul%2F",
		"title": "\u003cb\u003eDonald Trump\u0026#39;s\u003c/b\u003e Secret Service code name is less humble, more mogul",
		"titleNoFormatting": "Donald Trump\u0026#39;s Secret Service code name is less humble, more mogul",
		"publisher": "Washington Post",
		"publishedDate": "Tue, 10 Nov 2015 13:35:58 -0800",
		"image":
		{
			"url": "https://img.washingtonpost.com/wp-apps/imrs.php?src\u003dhttps://img.washingtonpost.com/rf/image_908w/2010-2019/Wires/Images/2015-11-08/Reuters/2015-11-08T191616Z_1007510001_LYNXNPEBA70FW_RTROPTP_3_TELEVISION-US-USA-ELECTION-TRUMP-NBC.jpg\u0026w\u003d1484",
			"tbUrl": "http://t2.gstatic.com/images?q\u003dtbn:ANd9GcTfP6H4IAxugGAztJ763t89Bk1OmwvfhcW41yYDVIOX1CTQ_ANIWOiM6zA",
			"originalContextUrl": "https://www.washingtonpost.com/news/post-politics/wp/2015/11/10/donald-trumps-secret-service-code-name-is-less-humble-more-mogul/",
			"publisher": "Washington Post",
			"tbWidth": 80,
			"tbHeight": 49
		},
		"relatedStories": [
		{
			"unescapedUrl": "http://www.huffingtonpost.com/entry/ben-carson-tax-plan_5642b385e4b08cda3486a1da",
			"url": "http%3A%2F%2Fwww.huffingtonpost.com%2Fentry%2Fben-carson-tax-plan_5642b385e4b08cda3486a1da",
			"title": "Ben Carson Says \u003cb\u003eDonald Trump\u0026#39;s\u003c/b\u003e Tax Plan Is More Fair Than His Own",
			"titleNoFormatting": "Ben Carson Says Donald Trump\u0026#39;s Tax Plan Is More Fair Than His Own",
			"publisher": "Huffington Post",
			"publishedDate": "Tue, 10 Nov 2015 19:42:16 -0800"
		},
		{
			"unescapedUrl": "http://www.newsweek.com/donald-trump-and-ben-carson-receive-secret-service-code-names-392582",
			"url": "http%3A%2F%2Fwww.newsweek.com%2Fdonald-trump-and-ben-carson-receive-secret-service-code-names-392582",
			"title": "\u003cb\u003eDonald Trump\u003c/b\u003e and Ben Carson Receive Secret Service Code Names",
			"titleNoFormatting": "Donald Trump and Ben Carson Receive Secret Service Code Names",
			"publisher": "Newsweek",
			"publishedDate": "Tue, 10 Nov 2015 08:30:10 -0800"
		},
		{
			"unescapedUrl": "http://time.com/4106884/secret-service-codenames-donald-trump-ben-carson/",
			"url": "http%3A%2F%2Ftime.com%2F4106884%2Fsecret-service-codenames-donald-trump-ben-carson%2F",
			"title": "Here are the Secret Service Codenames for \u003cb\u003eDonald Trump\u003c/b\u003e and Ben Carson",
			"titleNoFormatting": "Here are the Secret Service Codenames for Donald Trump and Ben Carson",
			"publisher": "TIME",
			"publishedDate": "Tue, 10 Nov 2015 11:52:30 -0800"
		},
		{
			"unescapedUrl": "http://www.businessinsider.com/donald-trump-ben-carson-pathological-disease-2015-11",
			"url": "http%3A%2F%2Fwww.businessinsider.com%2Fdonald-trump-ben-carson-pathological-disease-2015-11",
			"title": "In 4 back-to-back interviews, \u003cb\u003eDonald Trump\u003c/b\u003e pointed to Ben Carson\u0026#39;s \u003cb\u003e...\u003c/b\u003e",
			"titleNoFormatting": "In 4 back-to-back interviews, Donald Trump pointed to Ben Carson\u0026#39;s ...",
			"publisher": "Business Insider",
			"publishedDate": "Mon, 09 Nov 2015 07:10:46 -0800"
		},
		{
			"unescapedUrl": "http://theweek.com/speedreads/588080/donald-trumps-secret-service-code-name-mogul",
			"url": "http%3A%2F%2Ftheweek.com%2Fspeedreads%2F588080%2Fdonald-trumps-secret-service-code-name-mogul",
			"title": "\u003cb\u003eDonald Trump\u0026#39;s\u003c/b\u003e Secret Service code name: \u0026#39;Mogul\u0026#39;?",
			"titleNoFormatting": "Donald Trump\u0026#39;s Secret Service code name: \u0026#39;Mogul\u0026#39;?",
			"publisher": "The Week Magazine",
			"publishedDate": "Tue, 10 Nov 2015 12:15:00 -0800"
		},
		{
			"unescapedUrl": "http://www.hollywoodreporter.com/news/donald-trump-gets-his-secret-839077",
			"url": "http%3A%2F%2Fwww.hollywoodreporter.com%2Fnews%2Fdonald-trump-gets-his-secret-839077",
			"title": "\u003cb\u003eDonald Trump\u003c/b\u003e Gets His Secret Service Code Name (Report)",
			"titleNoFormatting": "Donald Trump Gets His Secret Service Code Name (Report)",
			"publisher": "Hollywood Reporter",
			"publishedDate": "Tue, 10 Nov 2015 15:03:42 -0800"
		} ]
	},
	{
		"content": "There were a bunch of clowns on a stage on Tuesday night, jabbering about politics. No, not the GOP debate in Milwaukee. It was the 9th annual Stand Up for Hereos event in New York, sponsored by the Bob Woodruff Foundation and the New York Comedy\u0026nbsp;...",
		"unescapedUrl": "http://www.ew.com/article/2015/11/11/jon-stewart-donald-trump-stand-up-for-heroes",
		"url": "http%3A%2F%2Fwww.ew.com%2Farticle%2F2015%2F11%2F11%2Fjon-stewart-donald-trump-stand-up-for-heroes",
		"title": "Jon Stewart and Seth Meyers slam \u003cb\u003eDonald Trump\u003c/b\u003e at Stand Up for Heroes event",
		"titleNoFormatting": "Jon Stewart and Seth Meyers slam Donald Trump at Stand Up for Heroes event",
		"publisher": "Entertainment Weekly",
		"publishedDate": "Wed, 11 Nov 2015 05:39:48 -0800",
		"image":
		{
			"url": "http://www.ew.com/sites/default/files/styles/tout_image_612x380/public/i/2015/11/11/_jon-stewart.jpg?itok\u003d7nvuGB8m",
			"tbUrl": "http://t1.gstatic.com/images?q\u003dtbn:ANd9GcS1UypiWTFsZVqiykJqVu6-SmYXuogQ5vNrzi8fvIcH0_UWJ4ihwNUXwXs",
			"originalContextUrl": "http://www.ew.com/article/2015/11/11/jon-stewart-donald-trump-stand-up-for-heroes",
			"publisher": "Entertainment Weekly",
			"tbWidth": 80,
			"tbHeight": 49
		}
	},
	{
		"content": "For mental-health professionals, \u003cb\u003eDonald Trump\u003c/b\u003e is at once easily diagnosed but slightly confounding. “Remarkably narcissistic,” said developmental psychologist Howard Gardner, a professor at Harvard Graduate School of Education. “Textbook narcissistic\u0026nbsp;...",
		"unescapedUrl": "http://www.vanityfair.com/news/2015/11/donald-trump-narcissism-therapists",
		"url": "http%3A%2F%2Fwww.vanityfair.com%2Fnews%2F2015%2F11%2Fdonald-trump-narcissism-therapists",
		"title": "Is \u003cb\u003eDonald Trump\u003c/b\u003e Actually a Narcissist? Therapists Weigh In!",
		"titleNoFormatting": "Is Donald Trump Actually a Narcissist? Therapists Weigh In!",
		"publisher": "Vanity Fair",
		"publishedDate": "Wed, 11 Nov 2015 06:03:45 -0800",
		"image":
		{
			"url": "http://media.vanityfair.com/photos/56426fd5eccc21966e93863b/master/w_900,c_limit/donald-trump-therapists-mental-evaluation.jpg",
			"tbUrl": "http://t0.gstatic.com/images?q\u003dtbn:ANd9GcSc5VywvxN6bQoTcbjHbw1GL5ZlndOAv84TScsGLjUw9WpXQADefvH6_II",
			"originalContextUrl": "http://www.vanityfair.com/news/2015/11/donald-trump-narcissism-therapists",
			"publisher": "Vanity Fair",
			"tbWidth": 80,
			"tbHeight": 55
		}
	} ]
}
